[{"model": "admin.logentry", "pk": 1, "fields": {"action_time": "2022-05-15T01:17:21.187Z", "user": 1, "content_type": 7, "object_id": "1", "object_repr": "India", "action_flag": 1, "change_message": "[{\"added\": {}}]"}}, {"model": "admin.logentry", "pk": 2, "fields": {"action_time": "2022-05-15T01:18:08.601Z", "user": 1, "content_type": 8, "object_id": "1", "object_repr": "Asia", "action_flag": 1, "change_message": "[{\"added\": {}}]"}}, {"model": "admin.logentry", "pk": 3, "fields": {"action_time": "2022-05-15T01:38:52.128Z", "user": 1, "content_type": 8, "object_id": "1", "object_repr": "Asia", "action_flag": 3, "change_message": ""}}, {"model": "admin.logentry", "pk": 4, "fields": {"action_time": "2022-05-15T01:39:03.262Z", "user": 1, "content_type": 7, "object_id": "1", "object_repr": "India", "action_flag": 3, "change_message": ""}}, {"model": "admin.logentry", "pk": 5, "fields": {"action_time": "2022-05-15T01:40:26.474Z", "user": 1, "content_type": 7, "object_id": "2", "object_repr": "Great Pyramid at Giza", "action_flag": 1, "change_message": "[{\"added\": {}}]"}}, {"model": "admin.logentry", "pk": 6, "fields": {"action_time": "2022-05-15T01:40:43.918Z", "user": 1, "content_type": 7, "object_id": "3", "object_repr": "Chichén Itzá", "action_flag": 1, "change_message": "[{\"added\": {}}]"}}, {"model": "admin.logentry", "pk": 7, "fields": {"action_time": "2022-05-15T01:41:11.850Z", "user": 1, "content_type": 7, "object_id": "4", "object_repr": "The Great Wall of China", "action_flag": 1, "change_message": "[{\"added\": {}}]"}}, {"model": "admin.logentry", "pk": 8, "fields": {"action_time": "2022-05-15T01:41:29.842Z", "user": 1, "content_type": 7, "object_id": "5", "object_repr": "The Colosseum", "action_flag": 1, "change_message": "[{\"added\": {}}]"}}, {"model": "admin.logentry", "pk": 9, "fields": {"action_time": "2022-05-15T01:41:48.803Z", "user": 1, "content_type": 7, "object_id": "6", "object_repr": "Machu Picchu", "action_flag": 1, "change_message": "[{\"added\": {}}]"}}, {"model": "admin.logentry", "pk": 10, "fields": {"action_time": "2022-05-15T01:43:50.772Z", "user": 1, "content_type": 8, "object_id": "2", "object_repr": "Great Pyramid at Giza, Egypt", "action_flag": 1, "change_message": "[{\"added\": {}}]"}}, {"model": "admin.logentry", "pk": 11, "fields": {"action_time": "2022-05-15T01:44:45.749Z", "user": 1, "content_type": 8, "object_id": "3", "object_repr": "Hanging Gardens of Babylon", "action_flag": 1, "change_message": "[{\"added\": {}}]"}}, {"model": "admin.logentry", "pk": 12, "fields": {"action_time": "2022-05-15T01:47:49.146Z", "user": 1, "content_type": 8, "object_id": "4", "object_repr": "Statue of Zeus at Olympia", "action_flag": 1, "change_message": "[{\"added\": {}}]"}}, {"model": "admin.logentry", "pk": 13, "fields": {"action_time": "2022-05-15T01:48:20.823Z", "user": 1, "content_type": 8, "object_id": "3", "object_repr": "Hanging Gardens of Babylon", "action_flag": 2, "change_message": "[{\"changed\": {\"fields\": [\"Description\"]}}]"}}, {"model": "admin.logentry", "pk": 14, "fields": {"action_time": "2022-05-15T01:48:37.473Z", "user": 1, "content_type": 8, "object_id": "2", "object_repr": "Great Pyramid at Giza, Egypt", "action_flag": 2, "change_message": "[]"}}, {"model": "admin.logentry", "pk": 15, "fields": {"action_time": "2022-05-15T01:48:50.938Z", "user": 1, "content_type": 8, "object_id": "2", "object_repr": "Great Pyramid at Giza, Egypt", "action_flag": 2, "change_message": "[{\"changed\": {\"fields\": [\"Description\"]}}]"}}, {"model": "admin.logentry", "pk": 16, "fields": {"action_time": "2022-05-15T01:48:56.788Z", "user": 1, "content_type": 8, "object_id": "2", "object_repr": "Great Pyramid at Giza, Egypt", "action_flag": 2, "change_message": "[]"}}, {"model": "admin.logentry", "pk": 17, "fields": {"action_time": "2022-05-15T01:49:01.890Z", "user": 1, "content_type": 8, "object_id": "4", "object_repr": "Statue of Zeus at Olympia", "action_flag": 2, "change_message": "[]"}}, {"model": "admin.logentry", "pk": 18, "fields": {"action_time": "2022-05-15T01:49:06.657Z", "user": 1, "content_type": 8, "object_id": "2", "object_repr": "Great Pyramid at Giza, Egypt", "action_flag": 2, "change_message": "[]"}}, {"model": "admin.logentry", "pk": 19, "fields": {"action_time": "2022-05-15T01:50:20.798Z", "user": 1, "content_type": 8, "object_id": "5", "object_repr": "Temple of Artemis at Ephesus", "action_flag": 1, "change_message": "[{\"added\": {}}]"}}, {"model": "admin.logentry", "pk": 20, "fields": {"action_time": "2022-05-15T01:51:27.563Z", "user": 1, "content_type": 8, "object_id": "6", "object_repr": "Mausoleum at Halicarnassus", "action_flag": 1, "change_message": "[{\"added\": {}}]"}}, {"model": "admin.logentry", "pk": 21, "fields": {"action_time": "2022-05-15T01:52:50.567Z", "user": 1, "content_type": 8, "object_id": "7", "object_repr": "Colossus of Rhodes", "action_flag": 1, "change_message": "[{\"added\": {}}]"}}, {"model": "admin.logentry", "pk": 22, "fields": {"action_time": "2022-05-15T01:57:22.952Z", "user": 1, "content_type": 8, "object_id": "8", "object_repr": "Lighthouse of Alexandria", "action_flag": 1, "change_message": "[{\"added\": {}}]"}}, {"model": "admin.logentry", "pk": 23, "fields": {"action_time": "2022-05-15T01:58:59.311Z", "user": 1, "content_type": 8, "object_id": "9", "object_repr": "Petra", "action_flag": 1, "change_message": "[{\"added\": {}}]"}}, {"model": "admin.logentry", "pk": 24, "fields": {"action_time": "2022-05-15T02:01:37.827Z", "user": 1, "content_type": 8, "object_id": "10", "object_repr": "Christ the Redeemer", "action_flag": 1, "change_message": "[{\"added\": {}}]"}}, {"model": "admin.logentry", "pk": 25, "fields": {"action_time": "2022-05-15T02:09:38.419Z", "user": 1, "content_type": 8, "object_id": "11", "object_repr": "The Colosseum", "action_flag": 1, "change_message": "[{\"added\": {}}]"}}, {"model": "admin.logentry", "pk": 26, "fields": {"action_time": "2022-05-15T02:09:51.833Z", "user": 1, "content_type": 8, "object_id": "10", "object_repr": "Christ the Redeemer", "action_flag": 2, "change_message": "[{\"changed\": {\"fields\": [\"Image\"]}}]"}}, {"model": "admin.logentry", "pk": 27, "fields": {"action_time": "2022-05-15T02:10:04.019Z", "user": 1, "content_type": 8, "object_id": "9", "object_repr": "Petra", "action_flag": 2, "change_message": "[{\"changed\": {\"fields\": [\"Image\"]}}]"}}, {"model": "admin.logentry", "pk": 28, "fields": {"action_time": "2022-05-15T02:11:39.965Z", "user": 1, "content_type": 8, "object_id": "11", "object_repr": "The Colosseum", "action_flag": 2, "change_message": "[]"}}, {"model": "auth.permission", "pk": 1, "fields": {"name": "Can add log entry", "content_type": 1, "codename": "add_logentry"}}, {"model": "auth.permission", "pk": 2, "fields": {"name": "Can change log entry", "content_type": 1, "codename": "change_logentry"}}, {"model": "auth.permission", "pk": 3, "fields": {"name": "Can delete log entry", "content_type": 1, "codename": "delete_logentry"}}, {"model": "auth.permission", "pk": 4, "fields": {"name": "Can view log entry", "content_type": 1, "codename": "view_logentry"}}, {"model": "auth.permission", "pk": 5, "fields": {"name": "Can add permission", "content_type": 2, "codename": "add_permission"}}, {"model": "auth.permission", "pk": 6, "fields": {"name": "Can change permission", "content_type": 2, "codename": "change_permission"}}, {"model": "auth.permission", "pk": 7, "fields": {"name": "Can delete permission", "content_type": 2, "codename": "delete_permission"}}, {"model": "auth.permission", "pk": 8, "fields": {"name": "Can view permission", "content_type": 2, "codename": "view_permission"}}, {"model": "auth.permission", "pk": 9, "fields": {"name": "Can add group", "content_type": 3, "codename": "add_group"}}, {"model": "auth.permission", "pk": 10, "fields": {"name": "Can change group", "content_type": 3, "codename": "change_group"}}, {"model": "auth.permission", "pk": 11, "fields": {"name": "Can delete group", "content_type": 3, "codename": "delete_group"}}, {"model": "auth.permission", "pk": 12, "fields": {"name": "Can view group", "content_type": 3, "codename": "view_group"}}, {"model": "auth.permission", "pk": 13, "fields": {"name": "Can add user", "content_type": 4, "codename": "add_user"}}, {"model": "auth.permission", "pk": 14, "fields": {"name": "Can change user", "content_type": 4, "codename": "change_user"}}, {"model": "auth.permission", "pk": 15, "fields": {"name": "Can delete user", "content_type": 4, "codename": "delete_user"}}, {"model": "auth.permission", "pk": 16, "fields": {"name": "Can view user", "content_type": 4, "codename": "view_user"}}, {"model": "auth.permission", "pk": 17, "fields": {"name": "Can add content type", "content_type": 5, "codename": "add_contenttype"}}, {"model": "auth.permission", "pk": 18, "fields": {"name": "Can change content type", "content_type": 5, "codename": "change_contenttype"}}, {"model": "auth.permission", "pk": 19, "fields": {"name": "Can delete content type", "content_type": 5, "codename": "delete_contenttype"}}, {"model": "auth.permission", "pk": 20, "fields": {"name": "Can view content type", "content_type": 5, "codename": "view_contenttype"}}, {"model": "auth.permission", "pk": 21, "fields": {"name": "Can add session", "content_type": 6, "codename": "add_session"}}, {"model": "auth.permission", "pk": 22, "fields": {"name": "Can change session", "content_type": 6, "codename": "change_session"}}, {"model": "auth.permission", "pk": 23, "fields": {"name": "Can delete session", "content_type": 6, "codename": "delete_session"}}, {"model": "auth.permission", "pk": 24, "fields": {"name": "Can view session", "content_type": 6, "codename": "view_session"}}, {"model": "auth.permission", "pk": 25, "fields": {"name": "Can add category", "content_type": 7, "codename": "add_category"}}, {"model": "auth.permission", "pk": 26, "fields": {"name": "Can change category", "content_type": 7, "codename": "change_category"}}, {"model": "auth.permission", "pk": 27, "fields": {"name": "Can delete category", "content_type": 7, "codename": "delete_category"}}, {"model": "auth.permission", "pk": 28, "fields": {"name": "Can view category", "content_type": 7, "codename": "view_category"}}, {"model": "auth.permission", "pk": 29, "fields": {"name": "Can add place", "content_type": 8, "codename": "add_place"}}, {"model": "auth.permission", "pk": 30, "fields": {"name": "Can change place", "content_type": 8, "codename": "change_place"}}, {"model": "auth.permission", "pk": 31, "fields": {"name": "Can delete place", "content_type": 8, "codename": "delete_place"}}, {"model": "auth.permission", "pk": 32, "fields": {"name": "Can view place", "content_type": 8, "codename": "view_place"}}, {"model": "auth.user", "pk": 1, "fields": {"password": "pbkdf2_sha256$260000$hQuQBbbvS4krIyHbhBA2sb$DBU6UXGjrxODvY6FM358z7cZB45B7RYrwQ9s/Czo/k0=", "last_login": "2022-05-13T02:32:11.050Z", "is_superuser": true, "username": "admin", "first_name": "", "last_name": "", "email": "", "is_staff": true, "is_active": true, "date_joined": "2022-05-13T02:31:29.552Z", "groups": [], "user_permissions": []}}, {"model": "contenttypes.contenttype", "pk": 1, "fields": {"app_label": "admin", "model": "logentry"}}, {"model": "contenttypes.contenttype", "pk": 2, "fields": {"app_label": "auth", "model": "permission"}}, {"model": "contenttypes.contenttype", "pk": 3, "fields": {"app_label": "auth", "model": "group"}}, {"model": "contenttypes.contenttype", "pk": 4, "fields": {"app_label": "auth", "model": "user"}}, {"model": "contenttypes.contenttype", "pk": 5, "fields": {"app_label": "contenttypes", "model": "contenttype"}}, {"model": "contenttypes.contenttype", "pk": 6, "fields": {"app_label": "sessions", "model": "session"}}, {"model": "contenttypes.contenttype", "pk": 7, "fields": {"app_label": "categories", "model": "category"}}, {"model": "contenttypes.contenttype", "pk": 8, "fields": {"app_label": "places", "model": "place"}}, {"model": "sessions.session", "pk": "0ee5d5jpffj417s3a93xhzn17356tqq9", "fields": {"session_data": ".eJxVjEEOwiAQRe_C2hAJA6Uu3XsGMgMzUjU0Ke2q8e5K0oVu33v_7yritpa4NV7ilNVFGXX6ZYTpybWL_MB6n3Wa67pMpHuiD9v0bc78uh7t30HBVvoa0Fn0gCAsXpIZCMbgU2BKztHgeCSf09nYIAAOTGZxELwVki8R9f4AAgM4sA:1npL6B:KKGxX9hniD-OLsHyKY5tKBD3JyETZigE5J5aewrpFsk", "expire_date": "2022-05-27T02:32:11.051Z"}}, {"model": "categories.category", "pk": 2, "fields": {"name": "Great Pyramid at Giza", "image": "image/upload/v1652578825/x8yhxgwtvdzi2owtjw3g.png"}}, {"model": "categories.category", "pk": 3, "fields": {"name": "Chichén Itzá", "image": "image/upload/v1652578843/qzqvzryqciizeluw6qh7.png"}}, {"model": "categories.category", "pk": 4, "fields": {"name": "The Great Wall of China", "image": "image/upload/v1652578871/i84pj3p6wmozpastbnax.png"}}, {"model": "categories.category", "pk": 5, "fields": {"name": "The Colosseum", "image": "image/upload/v1652578889/p6pukug45kozrkjqtcym.png"}}, {"model": "categories.category", "pk": 6, "fields": {"name": "Machu Picchu", "image": "image/upload/v1652578908/d31wbowpgodj0erccq8a.png"}}, {"model": "places.place", "pk": 2, "fields": {"name": "Great Pyramid at Giza, Egypt", "description": "The Great Pyramid of Giza is the oldest of the Seven Wonders of the Ancient World, and the only one that remains largely intact today.", "image": "image/upload/v1652579030/jaw80xxrvur26pdkmvha.png", "category": 2, "place_type": "Day trips", "time_to_travel": "2", "googel_map_link": "https://goo.gl/maps/xCezdf5VgAe3PgUN9", "created_at": "2022-05-15T01:43:50.768Z", "updated_at": "2022-05-15T01:43:50.768Z"}}, {"model": "places.place", "pk": 3, "fields": {"name": "Hanging Gardens of Babylon", "description": "The Hanging Gardens of Babylon are the only of the Seven Ancient Wonders whose location has never been definitively established.", "image": "image/upload/v1652579085/qbuzvgkf5g2aco4bwwf9.png", "category": 2, "place_type": "Day trips", "time_to_travel": "2", "googel_map_link": "https://goo.gl/maps/1JWKe5w2RZzHVHrZ9", "created_at": "2022-05-15T01:44:45.746Z", "updated_at": "2022-05-15T01:44:45.746Z"}}, {"model": "places.place", "pk": 4, "fields": {"name": "Statue of Zeus at Olympia", "description": "Las Vegas is well-known as a city of light. A number of casinos make Las Vegas is more popular with visitors.", "image": "image/upload/v1652579268/sb3f778kiwdniz94bil2.png", "category": 2, "place_type": "Day trips", "time_to_travel": "2", "googel_map_link": "https://goo.gl/maps/SWrTW2oMYFD7FZTq7", "created_at": "2022-05-15T01:47:49.142Z", "updated_at": "2022-05-15T01:47:49.142Z"}}, {"model": "places.place", "pk": 5, "fields": {"name": "Temple of Artemis at Ephesus", "description": "The Temple of Artemis (or Artemision), sometimes called the Temple of Diana, was a Greek temple located in Ephesus (present-day Turkey).", "image": "image/upload/v1652579420/mtcl74deqj85jkgz4f7w.png", "category": 2, "place_type": "Day trips", "time_to_travel": "2", "googel_map_link": "https://goo.gl/maps/VWaeXS9kZMCUFiSm7", "created_at": "2022-05-15T01:50:20.795Z", "updated_at": "2022-05-15T01:50:20.795Z"}}, {"model": "places.place", "pk": 6, "fields": {"name": "Mausoleum at Halicarnassus", "description": "The Mausoleum at Halicarnassus, or Tomb of Mausolus, was a tomb built sometime between 353 and 350 BC at Halicarnassus (present-day Turkey).", "image": "image/upload/v1652579486/wpgqootje9lqbz5skseh.png", "category": 2, "place_type": "Day trips", "time_to_travel": "2", "googel_map_link": "https://goo.gl/maps/ftqEYUXSBAVQQG9b7", "created_at": "2022-05-15T01:51:27.560Z", "updated_at": "2022-05-15T01:51:27.560Z"}}, {"model": "places.place", "pk": 7, "fields": {"name": "Colossus of Rhodes", "description": "The Colossus of Rhodes was a statue of the Greek god Helios in the city of Rhodes (on the Greek island of the same name).", "image": "image/upload/v1652579569/wruskefj6ngij6lclj5z.png", "category": 2, "place_type": "Day trips", "time_to_travel": "2", "googel_map_link": "https://goo.gl/maps/kx55uBz4muy6jpqL6", "created_at": "2022-05-15T01:52:50.563Z", "updated_at": "2022-05-15T01:52:50.563Z"}}, {"model": "places.place", "pk": 8, "fields": {"name": "Lighthouse of Alexandria", "description": "The Lighthouse of Alexandria, also called the Pharos of Alexandria, was a lighthouse built during the reign of Ptolemy II Philadelphus.", "image": "image/upload/v1652579842/nrpfkncunv01vqacgow4.png", "category": 2, "place_type": "Day trips", "time_to_travel": "3", "googel_map_link": "https://goo.gl/maps/UiYHdot9CbTtivGb7", "created_at": "2022-05-15T01:57:22.948Z", "updated_at": "2022-05-15T01:57:22.949Z"}}, {"model": "places.place", "pk": 9, "fields": {"name": "Petra", "description": "Petra comes from the ancient Greek “Petros,” meaning “rock,” which is a boring name for a very not boring place.", "image": "image/upload/v1652580603/zefoutock8onlg25jaky.png", "category": 3, "place_type": "Day trips", "time_to_travel": "2", "googel_map_link": "https://goo.gl/maps/ffHj9v1jbUvXtm8F9", "created_at": "2022-05-15T01:58:59.308Z", "updated_at": "2022-05-15T01:58:59.308Z"}}, {"model": "places.place", "pk": 10, "fields": {"name": "Christ the Redeemer", "description": "This iconic Christ statue is found in an equally iconic city, Rio de Janeiro. It was completed in 1931.", "image": "image/upload/v1652580591/bldtdcdt49shwslmakvp.png", "category": 4, "place_type": "Day trips", "time_to_travel": "3", "googel_map_link": "https://goo.gl/maps/cPwaDoXRZSHZvNEH8", "created_at": "2022-05-15T02:01:37.823Z", "updated_at": "2022-05-15T02:01:37.823Z"}}, {"model": "places.place", "pk": 11, "fields": {"name": "The Colosseum", "description": "This beauty, though it belongs to the new 7 wonders of the world, was commissioned in Rome around 70 AD.", "image": "image/upload/v1652580577/xxe5wpgh3dyvfo9fs2ek.png", "category": 5, "place_type": "Day trips", "time_to_travel": "2", "googel_map_link": "https://goo.gl/maps/iGSEDsikbGLtMS997", "created_at": "2022-05-15T02:09:38.414Z", "updated_at": "2022-05-15T02:09:38.414Z"}}]